Year,Rank,Country,HappinessScore,upperwhisker,lowerwhisker,GDP,SocialSupport,LifeExpectancy,Freedom,Generosity,Corruption,Dystopia + residual
2024,1,Finland,7.736,7.81,7.662,1.749,1.783,0.824,0.986,0.11,0.502,1.782
2024,2,Denmark,7.521,7.611,7.431,1.825,1.748,0.82,0.955,0.15,0.488,1.535
2024,3,Iceland,7.515,7.606,7.425,1.799,1.84,0.873,0.971,0.201,0.173,1.659
2024,4,Sweden,7.345,7.427,7.262,1.783,1.698,0.889,0.952,0.17,0.467,1.385
2024,5,Netherlands,7.306,7.372,7.24,1.822,1.667,0.844,0.86,0.186,0.344,1.583
2024,6,Costa Rica,7.274,7.361,7.187,1.492,1.6,0.68,0.948,0.067,0.118,2.369
2024,7,Norway,7.262,7.353,7.171,1.902,1.711,0.863,0.962,0.168,0.425,1.231
2024,8,Israel,7.234,7.301,7.168,1.695,1.743,0.824,0.74,0.144,0.193,1.895
2024,9,Luxembourg,7.122,7.213,7.031,2.028,1.558,0.864,0.931,0.117,0.397,1.227
2024,10,Mexico,6.979,7.068,6.889,1.435,1.504,0.55,0.879,0.057,0.118,2.438
2024,11,Australia,6.974,7.057,6.89,1.767,1.647,0.841,0.857,0.164,0.285,1.413
2024,12,New Zealand,6.952,7.031,6.874,1.698,1.712,0.815,0.861,0.167,0.429,1.27
2024,13,Switzerland,6.935,7.015,6.854,1.87,1.622,0.883,0.889,0.156,0.468,1.047
2024,14,Belgium,6.91,6.974,6.845,1.783,1.646,0.852,0.895,0.119,0.306,1.309
2024,15,Ireland,6.889,6.977,6.801,1.988,1.659,0.823,0.906,0.179,0.382,0.952
2024,16,Lithuania,6.829,6.912,6.746,1.684,1.699,0.592,0.702,0.031,0.123,1.998
2024,17,Austria,6.81,6.891,6.728,1.791,1.592,0.814,0.856,0.179,0.28,1.297
2024,18,Canada,6.803,6.888,6.718,1.749,1.647,0.832,0.813,0.168,0.323,1.271
2024,19,Slovenia,6.792,6.889,6.695,1.692,1.718,0.802,0.961,0.121,0.113,1.384
2024,20,Czechia,6.775,6.854,6.696,1.692,1.716,0.658,0.916,0.118,0.084,1.591
2024,21,United Arab Emirates,6.759,6.846,6.673,1.812,1.294,0.659,0.934,0.165,0.235,1.66
2024,22,Germany,6.753,6.854,6.652,1.785,1.625,0.776,0.858,0.148,0.351,1.21
2024,23,United Kingdom,6.728,6.809,6.647,1.725,1.562,0.779,0.872,0.211,0.318,1.26
2024,24,United States,6.724,6.82,6.629,1.839,1.614,0.604,0.644,0.171,0.161,1.69
2024,25,Belize,6.711,6.989,6.432,1.256,1.54,0.525,1.018,0.072,0.082,2.218
2024,26,Poland,6.673,6.734,6.611,1.666,1.595,0.63,0.79,0.021,0.169,1.802
2024,27,Taiwan Province of China,6.669,6.76,6.579,1.73,1.583,0.817,0.76,0.057,0.187,1.534
2024,28,Uruguay,6.661,6.743,6.578,1.554,1.654,0.523,0.913,0.078,0.197,1.741
2024,29,Kosovo,6.659,6.761,6.557,1.281,1.454,0.896,0.893,0.201,0.087,1.847
2024,30,Kuwait,6.629,6.738,6.52,1.691,1.481,0.766,0.934,0.143,0.167,1.448
2024,31,Serbia,6.606,6.698,6.513,1.489,1.62,0.545,0.767,0.131,0.107,1.946
2024,32,Saudi Arabia,6.6,6.702,6.497,1.743,1.566,0.714,0.915,0.105,0.187,1.37
2024,33,France,6.593,6.668,6.517,1.733,1.535,0.832,0.743,0.099,0.264,1.386
2024,34,Singapore,6.565,6.65,6.481,2.022,1.565,0.935,0.856,0.164,0.522,0.501
2024,35,Romania,6.563,6.655,6.47,1.636,1.401,0.561,0.847,0.028,0.015,2.075
2024,36,Brazil,6.494,6.593,6.394,1.391,1.519,0.48,0.83,0.089,0.127,2.057
2024,37,El Salvador,6.492,6.619,6.365,1.222,1.228,0.559,0.955,0.054,0.264,2.211
2024,38,Spain,6.466,6.547,6.385,1.69,1.685,0.894,0.734,0.112,0.18,1.17
2024,39,Estonia,6.417,6.497,6.337,1.65,1.716,0.642,0.902,0.128,0.378,1.001
2024,40,Italy,6.415,6.521,6.309,1.724,1.526,0.852,0.641,0.082,0.071,1.517
2024,41,Panama,6.407,6.531,6.284,1.594,1.6,0.717,0.876,0.041,0.042,1.537
2024,42,Argentina,6.397,6.492,6.302,1.504,1.622,0.579,0.824,0.048,0.083,1.736
2024,43,Kazakhstan,6.378,6.462,6.294,1.586,1.688,0.504,0.878,0.111,0.118,1.492
2024,44,Guatemala,6.362,6.503,6.222,1.249,1.33,0.376,0.882,0.075,0.085,2.365
2024,45,Chile,6.361,6.449,6.273,1.537,1.577,0.711,0.779,0.093,0.085,1.579
2024,46,Viet Nam,6.352,6.424,6.28,1.278,1.533,0.631,1.012,0.039,0.174,1.684
2024,47,Nicaragua,6.33,6.475,6.186,1.084,1.47,0.646,0.912,0.103,0.271,1.844
2024,48,Malta,6.316,6.398,6.234,1.76,1.671,0.837,0.837,0.217,0.115,0.879
2024,49,Thailand,6.222,6.327,6.117,1.426,1.551,0.633,0.927,0.223,0.039,1.423
2024,50,Slovakia,6.221,6.288,6.154,1.629,1.762,0.547,0.704,0.058,0.07,1.451
2024,51,Latvia,6.207,6.292,6.123,1.619,1.711,0.503,0.789,0.108,0.082,1.396
2024,52,Oman,6.197,6.42,5.973,1.603,1.411,0.5,0.93,0.142,0.10704761904761903,1.5599047619047621
2024,53,Uzbekistan,6.193,6.297,6.088,1.179,1.615,0.654,0.977,0.195,0.208,1.364
2024,54,Paraguay,6.172,6.279,6.064,1.329,1.615,0.291,0.921,0.097,0.063,1.857
2024,55,Japan,6.147,6.23,6.063,1.678,1.55,0.921,0.746,0.014,0.2,1.038
2024,56,Bosnia and Herzegovina,6.136,6.234,6.039,1.405,1.545,0.616,0.749,0.178,0.009,1.635
2024,57,Philippines,6.107,6.22,5.994,1.177,1.385,0.315,0.966,0.075,0.11,2.079
2024,58,Republic of Korea,6.038,6.131,5.945,1.709,1.357,0.903,0.678,0.1,0.139,1.152
2024,59,Bahrain,6.03,6.17,5.891,1.752,1.391,0.609,0.907,0.148,0.167,1.057
2024,60,Portugal,6.013,6.118,5.907,1.646,1.56,0.822,0.879,0.04,0.034,1.032
2024,61,Colombia,6.004,6.112,5.897,1.38,1.513,0.587,0.777,0.039,0.051,1.658
2024,62,Ecuador,5.965,6.083,5.848,1.299,1.32,0.702,0.712,0.058,0.066,1.808
2024,63,Honduras,5.964,6.108,5.821,1.036,1.187,0.436,0.862,0.134,0.079,2.229
2024,64,Malaysia,5.955,6.055,5.854,1.571,1.315,0.446,0.991,0.181,0.11,1.341
2024,65,Peru,5.947,6.049,5.844,1.323,1.364,0.551,0.71,0.05,0.021,1.929
2024,67,Cyprus,5.942,6.058,5.827,1.72,1.348,0.84,0.612,0.108,0.041,1.273
2024,68,China,5.921,6.023,5.819,1.445,1.307,0.789,0.764,0.079,0.154,1.382
2024,69,Hungary,5.915,6.02,5.809,1.638,1.742,0.587,0.681,0.099,0.057,1.111
2024,70,Trinidad and Tobago,5.905,6.159,5.651,1.549,1.532,0.419,0.76,0.111,0.001,1.533
2024,71,Montenegro,5.877,5.965,5.789,1.507,1.551,0.618,0.768,0.075,0.138,1.22
2024,72,Croatia,5.87,5.963,5.777,1.644,1.673,0.669,0.478,0.022,0.065,1.319
2024,73,Jamaica,5.87,6.178,5.563,1.182,1.545,0.504,0.869,0.075,0.019,1.676
2024,74,Bolivia,5.868,5.977,5.758,1.173,1.356,0.346,0.817,0.067,0.052,2.057
2024,75,Kyrgyzstan,5.858,5.938,5.778,1.032,1.715,0.647,0.981,0.169,0.053,1.261
2024,76,Dominican Republic,5.846,5.988,5.705,1.457,1.5,0.615,0.866,0.063,0.186,1.16
2024,77,Mongolia,5.833,5.919,5.747,1.336,1.731,0.423,0.629,0.18,0.053,1.481
2024,78,Mauritius,5.832,5.948,5.715,1.499,1.521,0.617,0.761,0.095,0.13,1.209
2024,79,Libya,5.82,5.913,5.727,1.247,1.309,0.549,0.724,0.111,0.214,1.666
2024,80,Republic of Moldova,5.819,5.933,5.706,1.332,1.43,0.414,0.83,0.054,0.037,1.722
2024,81,Greece,5.776,5.875,5.677,1.608,1.438,0.725,0.396,0.003,0.063,1.543
2024,82,Venezuela,5.683,5.796,5.57,0.0,1.493,0.515,0.702,0.154,0.117,2.701
2024,83,Indonesia,5.617,5.717,5.516,1.288,1.372,0.454,0.918,0.323,0.044,1.218
2024,84,Algeria,5.571,5.674,5.469,1.315,1.363,0.782,0.522,0.057,0.219,1.313
2024,85,Bulgaria,5.554,5.647,5.46,1.573,1.725,0.463,0.708,0.055,0.0,1.029
2024,86,North Macedonia,5.503,5.597,5.409,1.458,1.537,0.544,0.637,0.13,0.007,1.19
2024,87,Armenia,5.494,5.596,5.391,1.391,1.349,0.828,0.786,0.032,0.158,0.95
2024,88,Hong Kong SAR of China,5.491,5.566,5.417,1.79,1.41,0.948,0.674,0.116,0.386,0.168
2024,89,Albania,5.411,5.539,5.284,1.371,1.122,0.696,0.841,0.103,0.057,1.22
2024,90,Tajikistan,5.411,5.485,5.337,0.914,1.555,0.658,0.6746666666666665,0.085,0.342,1.4349047619047621
2024,91,Georgia,5.4,5.496,5.304,1.444,1.275,0.482,0.844,0.0,0.172,1.182
2024,92,Nepal,5.311,5.437,5.184,0.944,1.21,0.463,0.764,0.155,0.099,1.676
2024,93,Lao PDR,5.301,5.422,5.179,1.122,1.01,0.493,0.916,0.145,0.164,1.452
2024,94,Türkiye,5.262,5.347,5.178,1.582,1.444,0.626,0.244,0.04,0.104,1.223
2024,95,South Africa,5.213,5.339,5.086,1.283,1.465,0.142,0.676,0.064,0.043,1.54
2024,96,Mozambique,5.19,5.376,5.004,0.559,1.131,0.124,0.813,0.127,0.173,2.262
2024,97,Gabon,5.12,5.256,4.985,1.386,1.224,0.387,0.651,0.042,0.086,1.343
2024,98,Côte d’Ivoire,5.102,5.238,4.967,1.038,0.76,0.206,0.661,0.1,0.162,2.176
2024,99,Iran,5.093,5.193,4.994,1.33,1.367,0.609,0.456,0.202,0.122,1.007
2024,100,Congo,5.03,5.205,4.855,1.023,0.796,0.336,0.626,0.082,0.126,2.04
2024,101,Iraq,4.976,5.085,4.866,1.261,1.275,0.589,0.503,0.1,0.069,1.178
2024,102,Guinea,4.929,5.07,4.787,0.873,0.791,0.306,0.676,0.157,0.098,2.027
2024,103,Namibia,4.911,5.025,4.797,1.182,1.482,0.104,0.564,0.052,0.056,1.47
2024,104,Cameroon,4.887,5.007,4.767,0.944,0.986,0.302,0.662,0.099,0.06,1.834
2024,105,Nigeria,4.885,5.022,4.748,0.989,1.245,0.38,0.639,0.17,0.028,1.433
2024,106,Azerbaijan,4.875,4.969,4.78,1.428,1.03,0.707,0.785,0.076,0.179,0.67
2024,107,Senegal,4.856,4.979,4.732,0.907,0.977,0.433,0.767,0.129,0.09,1.553
2024,108,State of Palestine,4.78,4.886,4.675,1.047,1.456,0.4013809523809525,0.618,0.055,0.081,1.4255714285714287
2024,109,Pakistan,4.768,4.892,4.644,0.982,0.759,0.417,0.529,0.136,0.046,1.898
2024,110,Niger,4.725,4.863,4.588,0.606,0.796,0.258,0.759,0.122,0.137,2.048
2024,111,Ukraine,4.68,4.794,4.565,1.328,1.472,0.472,0.689,0.245,0.023,0.451
2024,112,Morocco,4.622,4.736,4.509,1.139,0.635,0.585,0.748,0.031,0.095,1.388
2024,113,Tunisia,4.552,4.633,4.47,1.257,1.224,0.459,0.382,0.032,0.05,1.149
2024,114,Mauritania,4.542,4.676,4.408,1.023,0.919,0.516,0.454,0.113,0.195,1.323
2024,115,Kenya,4.51,4.636,4.384,0.994,1.047,0.448,0.649,0.22,0.073,1.079
2024,116,Uganda,4.461,4.587,4.336,0.762,1.342,0.396,0.751,0.148,0.05,1.012
2024,117,Gambia,4.423,4.53,4.315,0.778,0.958,0.348,0.611,0.255,0.045,1.428
2024,118,India,4.389,4.457,4.32,1.149,0.86,0.316,0.914,0.141,0.12,0.889
2024,119,Chad,4.384,4.515,4.253,0.592,0.902,0.242,0.477,0.175,0.111,1.884
2024,120,Burkina Faso,4.383,4.506,4.26,0.724,0.828,0.296,0.671,0.142,0.218,1.504
2024,121,Benin,4.357,4.492,4.222,0.855,0.228,0.357,0.679,0.092,0.238,1.909
2024,122,Somalia,4.347,4.49,4.203,0.535,0.877,0.046,0.916,0.206,0.192,1.575
2024,123,Mali,4.345,4.457,4.232,0.709,0.908,0.318,0.767,0.093,0.114,1.436
2024,124,Cambodia,4.341,4.446,4.237,1.049,1.215,0.481,0.988,0.138,0.078,0.393
2024,125,Ghana,4.34,4.444,4.235,1.053,1.01,0.438,0.771,0.139,0.025,0.904
2024,126,Myanmar,4.321,4.471,4.172,0.975,1.144,0.446,0.569,0.322,0.163,0.702
2024,127,Togo,4.315,4.43,4.2,0.757,0.736,0.378,0.576,0.097,0.153,1.618
2024,128,Jordan,4.31,4.426,4.193,1.158,1.202,0.573,0.7,0.051,0.164,0.461
2024,129,Liberia,4.277,4.444,4.111,0.582,0.888,0.324,0.653,0.143,0.068,1.618
2024,130,Madagascar,4.157,4.265,4.05,0.588,0.938,0.341,0.292,0.131,0.118,1.751
2024,131,Zambia,3.912,4.056,3.769,0.848,1.013,0.233,0.872,0.131,0.107,0.709
2024,132,Ethiopia,3.898,4.011,3.786,0.757,1.051,0.416,0.54,0.182,0.1,0.852
2024,133,Sri Lanka,3.891,4.001,3.78,1.271,1.308,0.567,0.696,0.121,0.025,-0.099
2024,134,Bangladesh,3.851,3.949,3.753,1.116,0.286,0.592,0.92,0.11,0.132,0.695
2024,135,Egypt,3.817,3.909,3.725,1.347,1.075,0.473,0.593,0.018,0.103,0.21
2024,136,Tanzania,3.8,3.938,3.661,0.847,0.908,0.411,0.858,0.153,0.243,0.38
2024,137,Eswatini,3.774,3.893,3.654,1.183,1.152,0.038,0.428,0.054,0.13,0.79
2024,138,Lesotho,3.757,3.957,3.558,0.737,1.131,0.0,0.606,0.065,0.072,1.145
2024,139,Comoros,3.754,3.919,3.59,0.835,0.501,0.428,0.26,0.117,0.164,1.45
2024,140,Yemen,3.561,3.714,3.408,0.631,1.482,0.375,0.447,0.066,0.106,0.454
2024,141,DR Congo,3.469,3.608,3.331,0.544,0.929,0.278,0.6,0.151,0.061,0.906
2024,142,Botswana,3.438,3.576,3.301,1.388,1.146,0.094,0.697,0.018,0.083,0.012
2024,143,Zimbabwe,3.396,3.509,3.283,0.827,0.961,0.178,0.598,0.065,0.131,0.636
2024,144,Malawi,3.26,3.39,3.13,0.588,0.489,0.28,0.677,0.115,0.136,0.975
2024,145,Lebanon,3.188,3.277,3.098,1.223,0.984,0.44,0.279,0.071,0.041,0.15
2024,146,Sierra Leone,2.998,3.102,2.894,0.786,0.692,0.327,0.613,0.138,0.052,0.391
2024,147,Afghanistan,1.364,1.427,1.301,0.649,0.0,0.155,0.0,0.075,0.135,0.348
2023,1,Finland,7.741,7.815,7.667,1.844,1.572,0.695,0.859,0.142,0.546,2.082
2023,2,Denmark,7.583,7.665,7.5,1.908,1.52,0.699,0.823,0.204,0.548,1.881
2023,3,Iceland,7.525,7.618,7.433,1.881,1.617,0.718,0.819,0.258,0.182,2.05
2023,4,Sweden,7.344,7.422,7.267,1.878,1.501,0.724,0.838,0.221,0.524,1.658
2023,5,Israel,7.341,7.405,7.277,1.803,1.513,0.74,0.641,0.153,0.193,2.298
2023,6,Netherlands,7.319,7.383,7.256,1.901,1.462,0.706,0.725,0.247,0.372,1.906
2023,7,Norway,7.302,7.389,7.215,1.952,1.517,0.704,0.835,0.224,0.484,1.586
2023,8,Luxembourg,7.122,7.213,7.031,2.141,1.355,0.708,0.801,0.146,0.432,1.54
2023,9,Switzerland,7.06,7.147,6.973,1.97,1.425,0.747,0.759,0.173,0.498,1.488
2023,10,Australia,7.057,7.141,6.973,1.854,1.461,0.692,0.756,0.225,0.323,1.745
2023,11,New Zealand,7.029,7.105,6.954,1.81,1.527,0.673,0.746,0.226,0.48,1.567
2023,12,Costa Rica,6.955,7.051,6.86,1.561,1.373,0.661,0.797,0.109,0.123,2.333
2023,13,Kuwait,6.951,7.06,6.843,1.845,1.364,0.661,0.827,0.2,0.172,1.884
2023,14,Austria,6.905,6.986,6.824,1.885,1.336,0.696,0.703,0.214,0.305,1.766
2023,15,Canada,6.9,6.984,6.815,1.84,1.459,0.701,0.73,0.23,0.368,1.572
2023,16,Belgium,6.894,6.961,6.827,1.868,1.44,0.69,0.729,0.17,0.311,1.686
2023,17,Ireland,6.838,6.927,6.749,2.129,1.39,0.7,0.758,0.205,0.418,1.239
2023,18,Czechia,6.822,6.903,6.741,1.783,1.511,0.638,0.787,0.177,0.068,1.858
2023,19,Lithuania,6.818,6.896,6.739,1.766,1.454,0.598,0.533,0.044,0.116,2.307
2023,20,United Kingdom,6.749,6.833,6.665,1.822,1.326,0.672,0.713,0.267,0.351,1.598
2023,21,Slovenia,6.743,6.843,6.643,1.786,1.502,0.695,0.789,0.157,0.131,1.683
2023,22,United Arab Emirates,6.733,6.823,6.643,1.983,1.164,0.563,0.815,0.209,0.258,1.741
2023,23,USA,6.725,6.818,6.631,1.939,1.392,0.542,0.586,0.223,0.169,1.873
2023,24,Germany,6.719,6.815,6.622,1.871,1.39,0.702,0.7,0.174,0.368,1.513
2023,25,Mexico,6.678,6.781,6.575,1.521,1.241,0.544,0.722,0.086,0.127,2.437
2023,26,Uruguay,6.611,6.696,6.527,1.596,1.431,0.592,0.775,0.106,0.22,1.891
2023,27,France,6.609,6.685,6.533,1.818,1.348,0.727,0.65,0.112,0.281,1.672
2023,28,Saudi Arabia,6.594,6.707,6.48,1.842,1.361,0.511,0.787,0.114,0.188,1.79
2023,29,Kosovo,6.561,6.667,6.455,1.364,1.277,0.599,0.739,0.254,0.073,2.255
2023,30,Singapore,6.523,6.605,6.44,2.118,1.361,0.769,0.743,0.168,0.575,0.788
2023,31,Taiwan Province of China,6.503,6.597,6.41,1.842,1.346,0.65,0.649,0.068,0.202,1.747
2023,32,Romania,6.491,6.592,6.39,1.699,1.236,0.583,0.717,0.041,0.006,2.21
2023,33,El Salvador,6.469,6.599,6.338,1.265,1.08,0.549,0.816,0.083,0.253,2.424
2023,34,Estonia,6.448,6.524,6.371,1.752,1.527,0.657,0.805,0.166,0.401,1.138
2023,35,Poland,6.442,6.513,6.37,1.738,1.417,0.639,0.6,0.081,0.175,1.791
2023,36,Spain,6.421,6.502,6.339,1.766,1.471,0.729,0.619,0.119,0.177,1.54
2023,37,Serbia,6.411,6.522,6.3,1.538,1.391,0.585,0.663,0.2,0.101,1.932
2023,38,Chile,6.36,6.448,6.273,1.616,1.369,0.673,0.651,0.117,0.075,1.858
2023,39,Panama,6.358,6.489,6.227,1.702,1.392,0.633,0.72,0.063,0.043,1.806
2023,40,Malta,6.346,6.43,6.261,1.827,1.444,0.707,0.727,0.25,0.125,1.267
2023,41,Italy,6.324,6.436,6.211,1.8,1.328,0.72,0.513,0.112,0.074,1.777
2023,42,Guatemala,6.287,6.457,6.117,1.26,1.169,0.467,0.735,0.105,0.078,2.473
2023,43,Nicaragua,6.284,6.433,6.135,1.097,1.263,0.542,0.793,0.133,0.251,2.203
2023,44,Brazil,6.272,6.39,6.154,1.43,1.269,0.548,0.685,0.13,0.142,2.068
2023,45,Slovakia,6.257,6.332,6.182,1.706,1.54,0.638,0.566,0.096,0.058,1.653
2023,46,Latvia,6.234,6.314,6.155,1.7,1.508,0.564,0.666,0.127,0.078,1.59
2023,47,Uzbekistan,6.195,6.303,6.087,1.212,1.394,0.539,0.835,0.251,0.215,1.749
2023,48,Argentina,6.188,6.306,6.07,1.562,1.381,0.585,0.681,0.087,0.08,1.812
2023,49,Kazakhstan,6.188,6.278,6.097,1.622,1.457,0.556,0.733,0.149,0.12,1.551
2023,50,Cyprus,6.068,6.182,5.954,1.794,1.217,0.744,0.529,0.124,0.049,1.611
2023,51,Japan,6.06,6.144,5.976,1.786,1.354,0.785,0.632,0.023,0.219,1.261
2023,52,Republic of Korea,6.058,6.148,5.968,1.815,1.178,0.77,0.555,0.126,0.158,1.456
2023,53,Philippines,6.048,6.166,5.929,1.232,1.146,0.441,0.826,0.099,0.136,2.167
2023,54,Viet Nam,6.043,6.138,5.948,1.331,1.267,0.539,0.843,0.094,0.16,1.81
2023,55,Portugal,6.03,6.134,5.925,1.728,1.368,0.699,0.757,0.047,0.035,1.397
2023,56,Hungary,6.017,6.124,5.91,1.722,1.528,0.596,0.581,0.123,0.067,1.4
2023,57,Paraguay,5.977,6.085,5.868,1.398,1.408,0.549,0.788,0.131,0.065,1.637
2023,58,Thailand,5.976,6.094,5.858,1.484,1.347,0.62,0.756,0.283,0.024,1.463
2023,59,Malaysia,5.975,6.078,5.872,1.646,1.143,0.54,0.829,0.226,0.119,1.473
2023,60,China,5.973,6.061,5.885,1.497,1.239,0.629,0.704,0.132,0.164,1.608
2023,61,Honduras,5.968,6.114,5.822,1.091,1.035,0.502,0.72,0.175,0.081,2.364
2023,62,Bahrain,5.959,6.153,5.766,1.491,1.2732857142857141,0.5783809523809523,0.6655238095238095,0.12219047619047615,0.09266666666666667,1.7006190476190477
2023,63,Croatia,5.942,6.047,5.837,1.71,1.445,0.637,0.469,0.064,0.043,1.574
2023,64,Greece,5.934,6.027,5.84,1.684,1.276,0.696,0.337,0.018,0.093,1.83
2023,65,Bosnia and Herzegovina,5.877,5.979,5.775,1.465,1.318,0.587,0.621,0.246,0.0,1.64
2023,66,Libya,5.866,5.987,5.746,1.526,1.1,0.55,0.592,0.111,0.204,1.785
2023,67,Jamaica,5.842,6.059,5.624,1.28,1.324,0.567,0.647,0.089,0.028,1.907
2023,68,Peru,5.841,5.946,5.736,1.371,1.18,0.662,0.615,0.078,0.029,1.907
2023,69,Dominican Republic,5.823,5.967,5.679,1.517,1.272,0.511,0.73,0.086,0.196,1.512
2023,70,Mauritius,5.816,5.927,5.706,1.57,1.358,0.49,0.641,0.123,0.118,1.517
2023,71,Republic of Moldova,5.816,5.93,5.702,1.385,1.277,0.542,0.695,0.077,0.044,1.795
2023,73,Bolivia,5.784,5.895,5.674,1.217,1.179,0.488,0.719,0.1,0.061,2.02
2023,74,Ecuador,5.725,5.85,5.599,1.315,1.151,0.64,0.606,0.087,0.078,1.846
2023,75,Kyrgyzstan,5.714,5.795,5.632,1.054,1.477,0.588,0.834,0.225,0.03,1.505
2023,76,Montenegro,5.707,5.815,5.599,1.571,1.318,0.587,0.632,0.11,0.132,1.357
2023,77,Mongolia,5.696,5.783,5.61,1.353,1.511,0.4,0.501,0.237,0.055,1.64
2023,78,Colombia,5.695,5.806,5.584,1.437,1.241,0.648,0.644,0.072,0.059,1.596
2023,79,Venezuela,5.607,5.725,5.489,0.0,1.321,0.491,0.518,0.192,0.086,2.998
2023,80,Indonesia,5.568,5.67,5.466,1.361,1.184,0.472,0.779,0.399,0.055,1.318
2023,81,Bulgaria,5.463,5.569,5.357,1.629,1.469,0.567,0.62,0.083,0.006,1.088
2023,82,Armenia,5.455,5.56,5.35,1.444,1.154,0.603,0.65,0.051,0.173,1.379
2023,83,South Africa,5.422,5.549,5.295,1.389,1.369,0.322,0.537,0.078,0.034,1.693
2023,84,North Macedonia,5.369,5.468,5.27,1.475,1.277,0.569,0.58,0.194,0.015,1.26
2023,85,Algeria,5.364,5.476,5.251,1.324,1.191,0.568,0.247,0.091,0.2,1.743
2023,86,Hong Kong SAR of China,5.316,5.403,5.229,1.909,1.184,0.857,0.485,0.147,0.402,0.333
2023,87,Albania,5.304,5.44,5.168,1.438,0.924,0.638,0.69,0.138,0.049,1.428
2023,88,Tajikistan,5.281,5.361,5.201,1.2233333333333332,1.0383333333333333,0.4750476190476191,0.568952380952381,0.13533333333333333,0.11771428571428573,1.7177619047619048
2023,89,Congo,5.221,5.396,5.047,0.892,0.622,0.306,0.523,0.124,0.138,2.617
2023,90,Mozambique,5.216,5.406,5.027,0.56,0.883,0.156,0.728,0.158,0.196,2.536
2023,91,Georgia,5.185,5.283,5.087,1.467,0.99,0.524,0.68,0.0,0.174,1.349
2023,92,Iraq,5.166,5.283,5.049,1.249,0.996,0.498,0.425,0.141,0.048,1.809
2023,93,Nepal,5.158,5.29,5.027,0.965,0.99,0.443,0.653,0.209,0.115,1.783
2023,94,Lao PDR,5.139,5.261,5.017,1.208,0.846,0.423,0.796,0.17,0.167,1.529
2023,95,Gabon,5.106,5.243,4.969,1.403,1.038,0.344,0.516,0.045,0.1,1.66
2023,96,Côte d’Ivoire,5.08,5.224,4.936,1.08,0.578,0.288,0.547,0.12,0.164,2.303
2023,97,Guinea,5.023,5.166,4.881,0.831,0.622,0.236,0.521,0.21,0.107,2.497
2023,98,Türkiye,4.975,5.085,4.866,1.702,1.175,0.631,0.202,0.068,0.115,1.083
2023,99,Senegal,4.969,5.096,4.841,0.927,0.751,0.392,0.607,0.152,0.069,2.071
2023,100,Iran,4.923,5.024,4.822,1.435,1.136,0.571,0.366,0.235,0.123,1.057
2023,101,Azerbaijan,4.893,5.018,4.768,1.433,0.876,0.496,0.668,0.112,0.199,1.11
2023,102,Nigeria,4.881,5.018,4.744,1.042,1.075,0.256,0.566,0.201,0.019,1.722
2023,103,State of Palestine,4.879,5.006,4.753,1.079238095238095,0.8567619047619048,0.3739523809523809,0.527,0.1649047619047619,0.10638095238095238,1.7116666666666667
2023,104,Cameroon,4.874,4.996,4.753,0.943,0.856,0.288,0.521,0.126,0.06,2.08
2023,105,Ukraine,4.873,4.988,4.758,1.35,1.315,0.513,0.631,0.285,0.025,0.753
2023,106,Namibia,4.832,4.958,4.705,1.266,1.212,0.307,0.47,0.069,0.061,1.446
2023,107,Morocco,4.795,4.912,4.677,1.213,0.471,0.495,0.631,0.042,0.082,1.861
2023,108,Pakistan,4.657,4.779,4.535,1.069,0.6,0.321,0.542,0.144,0.074,1.907
2023,109,Niger,4.556,4.712,4.401,0.573,0.677,0.293,0.615,0.145,0.147,2.107
2023,110,Burkina Faso,4.548,4.686,4.41,0.756,0.685,0.274,0.483,0.173,0.179,1.999
2023,111,Mauritania,4.505,4.673,4.337,1.078,0.705,0.4,0.343,0.133,0.198,1.649
2023,112,Gambia,4.485,4.625,4.344,0.75,0.684,0.33,0.459,0.324,0.048,1.89
2023,113,Chad,4.471,4.63,4.313,0.603,0.805,0.199,0.411,0.218,0.113,2.122
2023,114,Kenya,4.47,4.595,4.344,1.037,0.895,0.353,0.519,0.282,0.069,1.316
2023,115,Tunisia,4.422,4.505,4.338,1.306,0.955,0.579,0.254,0.024,0.018,1.285
2023,116,Benin,4.377,4.51,4.245,0.914,0.128,0.284,0.567,0.112,0.252,2.121
2023,117,Uganda,4.372,4.501,4.243,0.772,1.151,0.373,0.587,0.178,0.054,1.256
2023,118,Myanmar,4.354,4.501,4.208,0.978,0.988,0.436,0.45,0.401,0.174,0.928
2023,119,Cambodia,4.341,4.446,4.236,1.011,1.019,0.442,0.863,0.17,0.071,0.765
2023,120,Ghana,4.289,4.396,4.182,1.077,0.747,0.36,0.623,0.183,0.028,1.273
2023,121,Liberia,4.269,4.474,4.063,0.619,0.673,0.301,0.546,0.178,0.075,1.878
2023,122,Mali,4.232,4.347,4.117,0.747,0.688,0.267,0.586,0.12,0.09,1.734
2023,123,Madagascar,4.228,4.359,4.097,0.628,0.823,0.333,0.25,0.172,0.123,1.897
2023,124,Togo,4.214,4.33,4.098,0.758,0.586,0.32,0.453,0.127,0.156,1.814
2023,125,Jordan,4.186,4.306,4.066,1.262,0.983,0.594,0.593,0.059,0.189,0.504
2023,126,India,4.054,4.123,3.985,1.166,0.653,0.417,0.767,0.174,0.122,0.756
2023,127,Egypt,3.977,4.066,3.887,1.37,0.996,0.488,0.49,0.025,0.259,0.349
2023,128,Sri Lanka,3.898,4.018,3.778,1.361,1.179,0.586,0.583,0.144,0.031,0.014
2023,129,Bangladesh,3.886,3.994,3.778,1.122,0.249,0.513,0.775,0.14,0.167,0.919
2023,130,Ethiopia,3.861,3.997,3.725,0.792,0.915,0.42,0.441,0.27,0.101,0.923
2023,131,Tanzania,3.781,3.917,3.644,0.82,0.706,0.38,0.709,0.191,0.257,0.717
2023,132,Comoros,3.566,3.754,3.378,0.896,0.328,0.37,0.172,0.128,0.16,1.512
2023,133,Yemen,3.561,3.714,3.408,0.671,1.281,0.293,0.362,0.08,0.113,0.76
2023,134,Zambia,3.502,3.636,3.368,0.899,0.809,0.264,0.727,0.168,0.109,0.526
2023,135,Eswatini,3.502,3.673,3.331,1.255,0.925,0.176,0.284,0.059,0.116,0.686
2023,136,Malawi,3.421,3.561,3.281,0.617,0.41,0.349,0.571,0.135,0.136,1.203
2023,137,Botswana,3.383,3.558,3.209,1.445,0.969,0.241,0.567,0.014,0.082,0.066
2023,138,Zimbabwe,3.341,3.457,3.226,0.748,0.85,0.232,0.487,0.096,0.131,0.797
2023,139,DR Congo,3.295,3.462,3.128,0.534,0.665,0.262,0.473,0.189,0.072,1.102
2023,140,Sierra Leone,3.245,3.366,3.124,0.654,0.566,0.253,0.469,0.181,0.053,1.068
2023,141,Lesotho,3.186,3.469,2.904,0.771,0.851,0.0,0.523,0.082,0.085,0.875
2023,142,Lebanon,2.707,2.797,2.616,1.377,0.577,0.556,0.173,0.068,0.029,-0.073
2023,143,Afghanistan,1.721,1.775,1.667,0.628,0.0,0.242,0.0,0.091,0.088,0.672
2022,1,Finland,7.804,7.875,7.733,1.888,1.585,0.535,0.772,0.126,0.535,2.363
2022,2,Denmark,7.586,7.667,7.506,1.949,1.548,0.537,0.734,0.208,0.525,2.084
2022,3,Iceland,7.53,7.625,7.434,1.926,1.62,0.559,0.738,0.25,0.187,2.25
2022,4,Israel,7.473,7.535,7.411,1.833,1.521,0.577,0.569,0.124,0.158,2.691
2022,5,Netherlands,7.403,7.46,7.346,1.942,1.488,0.545,0.672,0.251,0.394,2.11
2022,6,Sweden,7.395,7.468,7.322,1.921,1.51,0.562,0.754,0.225,0.52,1.903
2022,7,Norway,7.315,7.402,7.229,1.994,1.521,0.544,0.752,0.212,0.463,1.829
2022,8,Switzerland,7.24,7.324,7.156,2.022,1.463,0.582,0.678,0.151,0.475,1.87
2022,9,Luxembourg,7.228,7.363,7.093,2.2,1.357,0.549,0.71,0.149,0.418,1.845
2022,10,New Zealand,7.123,7.198,7.048,1.842,1.544,0.513,0.672,0.23,0.471,1.852
2022,11,Austria,7.097,7.176,7.018,1.927,1.382,0.535,0.63,0.191,0.31,2.124
2022,12,Australia,7.095,7.18,7.009,1.899,1.497,0.532,0.677,0.242,0.31,1.938
2022,13,Canada,6.961,7.042,6.879,1.881,1.484,0.541,0.656,0.218,0.364,1.815
2022,14,Ireland,6.911,6.996,6.825,2.152,1.425,0.539,0.656,0.186,0.409,1.545
2022,15,USA,6.894,6.986,6.802,1.98,1.46,0.39,0.557,0.21,0.172,2.124
2022,16,Germany,6.892,6.989,6.795,1.919,1.401,0.539,0.618,0.153,0.365,1.898
2022,17,Belgium,6.859,6.926,6.793,1.907,1.449,0.528,0.59,0.137,0.273,1.976
2022,18,Czechia,6.845,6.931,6.759,1.823,1.544,0.477,0.693,0.158,0.05,2.099
2022,19,United Kingdom,6.796,6.877,6.714,1.857,1.366,0.511,0.626,0.272,0.34,1.822
2022,20,Lithuania,6.763,6.849,6.677,1.808,1.511,0.432,0.487,0.059,0.089,2.377
2022,21,France,6.661,6.735,6.588,1.856,1.433,0.566,0.582,0.083,0.27,1.872
2022,22,Slovenia,6.65,6.75,6.55,1.815,1.539,0.532,0.707,0.144,0.113,1.799
2022,23,Costa Rica,6.609,6.71,6.507,1.587,1.34,0.503,0.683,0.099,0.116,2.281
2022,24,Romania,6.589,6.69,6.488,1.726,1.28,0.423,0.631,0.044,0.0,2.485
2022,25,Singapore,6.587,6.72,6.454,2.168,1.354,0.607,0.66,0.17,0.561,1.067
2022,26,United Arab Emirates,6.571,6.656,6.486,2.015,1.223,0.401,0.745,0.188,0.247,1.752
2022,27,Taiwan Province of China,6.535,6.627,6.444,1.89,1.372,0.492,0.562,0.067,0.178,1.974
2022,28,Uruguay,6.494,6.583,6.404,1.617,1.445,0.435,0.683,0.102,0.254,1.958
2022,29,Slovakia,6.469,6.578,6.36,1.731,1.544,0.472,0.494,0.128,0.022,2.078
2022,30,Saudi Arabia,6.463,6.581,6.344,1.861,1.37,0.351,0.682,0.093,0.17,1.936
2022,31,Estonia,6.455,6.534,6.377,1.798,1.526,0.494,0.728,0.153,0.372,1.383
2022,32,Spain,6.436,6.519,6.354,1.798,1.491,0.567,0.533,0.101,0.157,1.789
2022,33,Italy,6.405,6.511,6.298,1.832,1.365,0.559,0.438,0.097,0.063,2.052
2022,34,Kosovo,6.368,6.485,6.25,1.374,1.269,0.372,0.639,0.275,0.045,2.393
2022,35,Chile,6.334,6.424,6.243,1.645,1.384,0.511,0.546,0.131,0.076,2.04
2022,36,Mexico,6.33,6.441,6.218,1.55,1.169,0.389,0.632,0.086,0.115,2.389
2022,37,Malta,6.3,6.388,6.212,1.841,1.468,0.547,0.671,0.2,0.143,1.429
2022,38,Panama,6.265,6.424,6.105,1.714,1.402,0.475,0.63,0.065,0.036,1.943
2022,39,Poland,6.26,6.343,6.177,1.767,1.474,0.477,0.511,0.12,0.139,1.772
2022,40,Nicaragua,6.259,6.408,6.109,1.109,1.292,0.385,0.66,0.148,0.218,2.448
2022,41,Latvia,6.213,6.295,6.131,1.737,1.505,0.405,0.58,0.107,0.071,1.808
2022,42,Bahrain,6.173,6.369,5.977,1.883,1.269,0.389,0.748,0.199,0.138,1.546
2022,43,Guatemala,6.15,6.362,5.939,1.287,1.188,0.31,0.631,0.106,0.066,2.562
2022,44,Kazakhstan,6.144,6.239,6.049,1.664,1.491,0.389,0.628,0.136,0.149,1.688
2022,45,Serbia,6.144,6.299,5.988,1.552,1.343,0.424,0.617,0.246,0.081,1.881
2022,46,Cyprus,6.13,6.236,6.024,1.824,1.224,0.58,0.455,0.104,0.05,1.893
2022,47,Japan,6.129,6.211,6.047,1.825,1.396,0.622,0.556,0.009,0.207,1.513
2022,48,Croatia,6.125,6.237,6.013,1.727,1.455,0.475,0.5,0.087,0.003,1.88
2022,49,Brazil,6.125,6.252,5.997,1.454,1.25,0.387,0.558,0.131,0.137,2.205
2022,50,El Salvador,6.122,6.257,5.986,1.278,1.044,0.383,0.713,0.079,0.222,2.403
2022,51,Hungary,6.041,6.149,5.933,1.754,1.519,0.435,0.501,0.105,0.065,1.663
2022,52,Argentina,6.024,6.147,5.9,1.59,1.388,0.427,0.587,0.088,0.082,1.861
2022,53,Honduras,6.023,6.196,5.849,1.115,1.072,0.341,0.613,0.189,0.062,2.631
2022,54,Uzbekistan,6.014,6.13,5.899,1.227,1.347,0.375,0.74,0.26,0.208,1.856
2022,55,Malaysia,6.012,6.167,5.858,1.665,1.155,0.385,0.659,0.222,0.122,1.804
2022,56,Portugal,5.968,6.076,5.86,1.758,1.356,0.537,0.693,0.031,0.037,1.556
2022,57,Republic of Korea,5.951,6.04,5.862,1.853,1.188,0.603,0.446,0.112,0.163,1.587
2022,58,Greece,5.931,6.024,5.838,1.708,1.247,0.535,0.248,0.008,0.097,2.089
2022,59,Mauritius,5.902,6.013,5.791,1.589,1.382,0.336,0.574,0.121,0.11,1.79
2022,60,Thailand,5.843,5.969,5.717,1.515,1.344,0.461,0.624,0.291,0.013,1.594
2022,61,Mongolia,5.84,5.93,5.75,1.379,1.494,0.244,0.425,0.239,0.058,2.001
2022,62,Kyrgyzstan,5.825,5.913,5.737,1.061,1.439,0.417,0.735,0.234,0.018,1.92
2022,63,Republic of Moldova,5.819,5.922,5.717,1.425,1.302,0.375,0.61,0.093,0.02,1.995
2022,64,China,5.818,5.905,5.731,1.51,1.249,0.468,0.666,0.115,0.145,1.666
2022,65,Viet Nam,5.763,5.865,5.662,1.349,1.212,0.381,0.741,0.134,0.122,1.824
2022,66,Paraguay,5.738,5.851,5.625,1.428,1.427,0.392,0.678,0.148,0.062,1.604
2022,67,Montenegro,5.722,5.941,5.503,1.537,1.385,0.424,0.563,0.17,0.061,1.581
2022,68,Jamaica,5.703,5.876,5.529,1.305,1.329,0.411,0.587,0.079,0.039,1.954
2022,69,Bolivia,5.684,5.797,5.572,1.24,1.187,0.329,0.648,0.103,0.06,2.118
2022,71,Bosnia and Herzegovina,5.633,5.775,5.49,1.467,1.361,0.429,0.485,0.247,0.008,1.635
2022,72,Colombia,5.63,5.747,5.514,1.455,1.213,0.486,0.562,0.08,0.068,1.765
2022,73,Dominican Republic,5.569,5.712,5.426,1.536,1.227,0.351,0.623,0.083,0.195,1.553
2022,74,Ecuador,5.559,5.682,5.436,1.343,1.173,0.476,0.56,0.079,0.069,1.86
2022,75,Peru,5.526,5.64,5.412,1.39,1.153,0.499,0.549,0.073,0.027,1.835
2022,76,Philippines,5.523,5.675,5.371,1.238,1.108,0.286,0.714,0.104,0.141,1.931
2022,77,Bulgaria,5.466,5.582,5.35,1.635,1.457,0.408,0.557,0.106,0.013,1.289
2022,78,Nepal,5.36,5.507,5.214,0.979,1.027,0.281,0.567,0.215,0.104,2.187
2022,79,Armenia,5.342,5.47,5.213,1.466,1.134,0.443,0.551,0.053,0.16,1.534
2022,80,Tajikistan,5.33,5.452,5.207,0.972,1.248,0.291,0.599,0.104,0.292,1.823
2022,81,Algeria,5.329,5.451,5.207,1.353,1.298,0.409,0.252,0.073,0.152,1.791
2022,82,Hong Kong SAR of China,5.308,5.403,5.214,1.951,1.201,0.702,0.407,0.123,0.39,0.535
2022,83,Albania,5.277,5.406,5.148,1.449,0.951,0.48,0.549,0.133,0.037,1.678
2022,84,Indonesia,5.277,5.392,5.161,1.384,1.169,0.314,0.663,0.422,0.038,1.288
2022,85,South Africa,5.275,5.417,5.132,1.417,1.428,0.149,0.464,0.09,0.019,1.708
2022,86,Congo,5.267,5.44,5.094,0.921,0.665,0.145,0.464,0.134,0.136,2.802
2022,87,North Macedonia,5.254,5.361,5.146,1.498,1.171,0.408,0.515,0.207,0.02,1.435
2022,88,Venezuela,5.211,5.336,5.085,0.0,1.257,0.341,0.369,0.205,0.084,2.955
2022,89,Lao PDR,5.111,5.269,4.952,1.232,0.853,0.257,0.715,0.185,0.162,1.707
2022,90,Georgia,5.109,5.219,5.0,1.477,0.947,0.366,0.539,0.0,0.201,1.58
2022,91,Guinea,5.072,5.213,4.931,0.844,0.776,0.072,0.369,0.204,0.102,2.705
2022,92,Ukraine,5.071,5.187,4.956,1.358,1.354,0.355,0.551,0.265,0.016,1.172
2022,93,Côte d’Ivoire,5.053,5.198,4.907,1.094,0.584,0.12,0.467,0.138,0.131,2.519
2022,94,Gabon,5.035,5.175,4.894,1.438,1.021,0.183,0.346,0.036,0.102,1.908
2022,95,Nigeria,4.981,5.136,4.825,1.065,1.007,0.092,0.448,0.176,0.013,2.181
2022,96,Cameroon,4.973,5.112,4.834,0.965,0.871,0.118,0.405,0.144,0.059,2.411
2022,97,Mozambique,4.954,5.181,4.727,0.57,0.885,0.0,0.625,0.161,0.192,2.519
2022,98,Iraq,4.941,5.099,4.783,1.281,0.953,0.324,0.351,0.134,0.038,1.861
2022,99,State of Palestine,4.908,5.089,4.727,1.144,1.309,0.22585714285714284,0.416,0.065,0.067,1.9249999999999998
2022,100,Morocco,4.903,5.023,4.783,1.236,0.535,0.337,0.54,0.013,0.085,2.158
2022,101,Iran,4.876,4.98,4.772,1.465,1.102,0.411,0.281,0.229,0.13,1.259
2022,102,Senegal,4.855,4.983,4.727,0.943,0.727,0.231,0.519,0.142,0.06,2.234
2022,103,Mauritania,4.724,5.011,4.437,1.099,0.764,0.244,0.32,0.13,0.195,1.973
2022,104,Burkina Faso,4.638,4.819,4.456,0.768,0.814,0.107,0.419,0.188,0.113,2.23
2022,105,Namibia,4.631,4.766,4.496,1.289,1.126,0.145,0.383,0.069,0.071,1.549
2022,106,Türkiye,4.614,4.777,4.45,1.714,1.148,0.467,0.125,0.095,0.096,0.969
2022,107,Ghana,4.605,4.729,4.481,1.101,0.756,0.197,0.526,0.211,0.035,1.779
2022,108,Pakistan,4.555,4.707,4.404,1.081,0.657,0.158,0.511,0.141,0.102,1.907
2022,109,Niger,4.501,4.712,4.291,0.561,0.628,0.137,0.54,0.154,0.14,2.341
2022,110,Tunisia,4.497,4.601,4.393,1.333,0.981,0.422,0.259,0.022,0.016,1.463
2022,111,Kenya,4.487,4.616,4.357,1.051,0.881,0.19,0.418,0.291,0.055,1.601
2022,112,Sri Lanka,4.442,4.603,4.28,1.422,1.224,0.426,0.539,0.12,0.086,0.625
2022,113,Uganda,4.432,4.607,4.258,0.785,1.144,0.201,0.425,0.197,0.051,1.628
2022,114,Chad,4.397,4.633,4.16,0.622,0.962,0.043,0.393,0.255,0.088,2.034
2022,115,Cambodia,4.393,4.508,4.279,1.025,1.024,0.283,0.768,0.176,0.051,1.068
2022,116,Benin,4.374,4.504,4.244,0.924,0.242,0.124,0.481,0.114,0.253,2.235
2022,117,Myanmar,4.372,4.533,4.212,1.032,1.125,0.269,0.46,0.4,0.194,0.893
2022,118,Bangladesh,4.282,4.416,4.148,1.133,0.513,0.355,0.617,0.139,0.165,1.361
2022,119,Gambia,4.279,4.484,4.075,0.761,0.614,0.174,0.286,0.332,0.033,2.081
2022,120,Mali,4.198,4.319,4.076,0.763,0.637,0.106,0.441,0.121,0.059,2.07
2022,121,Egypt,4.17,4.287,4.054,1.377,0.972,0.326,0.467,0.038,0.25,0.74
2022,122,Togo,4.137,4.289,3.986,0.77,0.642,0.161,0.367,0.149,0.136,1.913
2022,123,Jordan,4.12,4.242,3.997,1.292,0.98,0.438,0.517,0.056,0.173,0.663
2022,124,Ethiopia,4.091,4.273,3.908,0.793,1.114,0.25,0.451,0.283,0.101,1.099
2022,125,Liberia,4.042,4.325,3.76,0.628,0.644,0.141,0.471,0.219,0.071,1.869
2022,126,India,4.036,4.092,3.98,1.159,0.674,0.252,0.685,0.175,0.111,0.979
2022,127,Madagascar,4.019,4.199,3.839,0.632,0.779,0.178,0.187,0.177,0.134,1.932
2022,128,Zambia,3.982,4.167,3.797,0.914,0.89,0.095,0.545,0.189,0.08,1.27
2022,129,Tanzania,3.694,3.84,3.547,0.836,0.787,0.214,0.607,0.234,0.269,0.747
2022,130,Comoros,3.545,3.774,3.317,0.914,0.327,0.215,0.117,0.129,0.145,1.699
2022,131,Malawi,3.495,3.671,3.32,0.637,0.479,0.189,0.49,0.139,0.129,1.432
2022,132,Botswana,3.435,3.702,3.168,1.471,1.041,0.087,0.48,0.021,0.071,0.264
2022,133,DR Congo,3.207,3.394,3.02,0.531,0.784,0.105,0.375,0.183,0.068,1.162
2022,134,Zimbabwe,3.204,3.323,3.084,0.758,0.881,0.069,0.363,0.112,0.117,0.905
2022,135,Sierra Leone,3.138,3.299,2.976,0.67,0.54,0.092,0.371,0.193,0.051,1.221
2022,136,Lebanon,2.392,2.479,2.305,1.417,0.476,0.398,0.123,0.061,0.027,-0.11
2022,137,Afghanistan,1.859,1.923,1.795,0.645,0.0,0.087,0.0,0.093,0.059,0.976
2021,1,Finland,7.821,7.886,7.756,1.892,1.258,0.775,0.736,0.109,0.534,2.518
2021,2,Denmark,7.636,7.71,7.563,1.953,1.243,0.777,0.719,0.188,0.532,2.226
2021,3,Iceland,7.557,7.651,7.464,1.936,1.32,0.803,0.718,0.27,0.191,2.32
2021,4,Switzerland,7.512,7.586,7.437,2.026,1.226,0.822,0.677,0.147,0.461,2.153
2021,5,Netherlands,7.415,7.471,7.359,1.945,1.206,0.787,0.651,0.271,0.419,2.137
2021,6,Luxembourg,7.404,7.501,7.307,2.209,1.155,0.79,0.7,0.12,0.388,2.042
2021,7,Sweden,7.384,7.454,7.315,1.92,1.204,0.803,0.724,0.218,0.512,2.003
2021,8,Norway,7.365,7.44,7.29,1.997,1.239,0.786,0.728,0.217,0.474,1.925
2021,9,Israel,7.364,7.426,7.301,1.826,1.221,0.818,0.568,0.155,0.143,2.634
2021,10,New Zealand,7.2,7.279,7.12,1.852,1.235,0.752,0.68,0.245,0.483,1.954
2021,11,Austria,7.163,7.237,7.089,1.931,1.165,0.774,0.623,0.193,0.329,2.148
2021,12,Australia,7.162,7.244,7.081,1.9,1.203,0.772,0.676,0.258,0.341,2.011
2021,13,Ireland,7.041,7.121,6.961,2.129,1.166,0.779,0.627,0.19,0.408,1.743
2021,14,Germany,7.034,7.122,6.947,1.924,1.088,0.776,0.585,0.163,0.358,2.142
2021,15,Canada,7.025,7.107,6.943,1.886,1.188,0.783,0.659,0.217,0.368,1.924
2021,16,USA,6.977,7.065,6.888,1.982,1.182,0.628,0.574,0.22,0.177,2.214
2021,17,United Kingdom,6.943,7.018,6.867,1.867,1.143,0.75,0.597,0.289,0.329,1.967
2021,18,Czechia,6.92,7.029,6.811,1.815,1.26,0.715,0.66,0.158,0.048,2.263
2021,19,Belgium,6.805,6.89,6.72,1.907,1.106,0.764,0.492,0.049,0.204,2.283
2021,20,France,6.687,6.758,6.615,1.863,1.219,0.808,0.567,0.07,0.266,1.895
2021,21,Bahrain,6.647,6.779,6.514,1.854,1.029,0.625,0.693,0.199,0.155,2.092
2021,22,Slovenia,6.63,6.718,6.542,1.81,1.249,0.769,0.685,0.118,0.115,1.885
2021,23,Costa Rica,6.582,6.683,6.481,1.584,1.054,0.744,0.661,0.089,0.102,2.346
2021,24,United Arab Emirates,6.576,6.66,6.492,1.998,0.98,0.633,0.702,0.204,0.25,1.809
2021,25,Saudi Arabia,6.523,6.637,6.409,1.87,1.092,0.577,0.651,0.078,0.18,2.075
2021,26,Taiwan Province of China,6.512,6.596,6.429,1.897,1.095,0.733,0.542,0.075,0.168,2.002
2021,27,Singapore,6.48,6.569,6.392,2.149,1.127,0.851,0.672,0.163,0.587,0.932
2021,28,Romania,6.477,6.575,6.379,1.719,1.006,0.655,0.605,0.039,0.006,2.446
2021,29,Spain,6.476,6.56,6.392,1.808,1.211,0.808,0.505,0.101,0.149,1.893
2021,30,Uruguay,6.474,6.562,6.386,1.615,1.18,0.672,0.665,0.103,0.265,1.974
2021,31,Italy,6.467,6.57,6.363,1.834,1.052,0.801,0.412,0.085,0.059,2.222
2021,32,Kosovo,6.455,6.571,6.339,1.362,0.949,0.569,0.599,0.309,0.035,2.631
2021,33,Malta,6.447,6.535,6.359,1.838,1.169,0.789,0.679,0.174,0.166,1.631
2021,34,Lithuania,6.446,6.535,6.356,1.804,1.204,0.659,0.496,0.053,0.077,2.153
2021,35,Slovakia,6.391,6.475,6.306,1.736,1.232,0.707,0.479,0.118,0.025,2.094
2021,36,Estonia,6.341,6.415,6.266,1.793,1.232,0.728,0.689,0.123,0.333,1.442
2021,37,Panama,6.309,6.464,6.154,1.715,1.107,0.709,0.592,0.049,0.051,2.086
2021,38,Brazil,6.293,6.384,6.202,1.462,1.044,0.615,0.546,0.131,0.134,2.361
2021,39,Guatemala,6.262,6.46,6.064,1.274,0.831,0.522,0.662,0.112,0.115,2.746
2021,40,Kazakhstan,6.234,6.33,6.138,1.668,1.22,0.611,0.584,0.134,0.157,1.86
2021,41,Cyprus,6.221,6.32,6.122,1.815,0.909,0.819,0.448,0.123,0.062,2.044
2021,42,Latvia,6.18,6.255,6.106,1.732,1.221,0.637,0.502,0.075,0.09,1.923
2021,43,Serbia,6.178,6.294,6.062,1.55,1.086,0.658,0.546,0.219,0.088,2.031
2021,44,Chile,6.172,6.262,6.082,1.651,1.08,0.748,0.46,0.124,0.069,2.04
2021,45,Nicaragua,6.165,6.312,6.017,1.105,1.029,0.617,0.617,0.168,0.212,2.418
2021,46,Mexico,6.128,6.238,6.017,1.552,0.886,0.623,0.621,0.092,0.115,2.239
2021,47,Croatia,6.125,6.229,6.022,1.705,1.183,0.709,0.535,0.109,0.0,1.884
2021,48,Poland,6.123,6.205,6.04,1.758,1.174,0.712,0.523,0.124,0.14,1.693
2021,49,El Salvador,6.12,6.25,5.99,1.265,0.768,0.607,0.666,0.089,0.212,2.514
2021,50,Kuwait,6.106,6.235,5.977,1.904,0.983,0.747,0.617,0.087,0.147,1.621
2021,51,Hungary,6.086,6.187,5.985,1.748,1.233,0.668,0.485,0.078,0.064,1.812
2021,52,Mauritius,6.071,6.184,5.958,1.591,1.116,0.568,0.589,0.131,0.107,1.969
2021,53,Uzbekistan,6.063,6.178,5.948,1.219,1.092,0.6,0.716,0.283,0.24,1.913
2021,54,Japan,6.039,6.119,5.959,1.835,1.089,0.866,0.537,0.007,0.218,1.487
2021,55,Honduras,6.022,6.189,5.855,1.111,0.885,0.555,0.582,0.202,0.076,2.611
2021,56,Portugal,6.016,6.122,5.911,1.76,1.078,0.777,0.655,0.016,0.039,1.691
2021,57,Argentina,5.967,6.09,5.844,1.592,1.102,0.662,0.555,0.081,0.085,1.891
2021,58,Greece,5.948,6.043,5.853,1.703,0.98,0.774,0.249,0.015,0.108,2.119
2021,59,Republic of Korea,5.935,6.021,5.849,1.851,0.886,0.841,0.414,0.111,0.176,1.656
2021,60,Philippines,5.904,6.007,5.8,1.268,0.912,0.514,0.678,0.107,0.142,2.283
2021,61,Thailand,5.891,5.994,5.788,1.535,1.096,0.697,0.617,0.321,0.026,1.6
2021,62,Republic of Moldova,5.857,5.948,5.766,1.417,1.008,0.597,0.561,0.102,0.028,2.142
2021,63,Jamaica,5.85,6.023,5.676,1.296,1.045,0.646,0.567,0.08,0.053,2.164
2021,64,Kyrgyzstan,5.828,5.916,5.741,1.069,1.109,0.638,0.693,0.208,0.025,2.087
2021,65,Belarus,5.821,5.95,5.693,1.562,1.157,0.629,0.342,0.04,0.282,1.811
2021,66,Colombia,5.781,5.903,5.659,1.452,0.929,0.72,0.545,0.087,0.077,1.971
2021,67,Bosnia and Herzegovina,5.768,5.877,5.659,1.468,1.068,0.665,0.448,0.244,0.006,1.869
2021,68,Mongolia,5.761,5.845,5.676,1.393,1.197,0.467,0.398,0.247,0.059,1.999
2021,69,Dominican Republic,5.737,5.873,5.601,1.538,1.003,0.577,0.606,0.084,0.179,1.751
2021,70,Malaysia,5.711,5.845,5.578,1.689,0.938,0.62,0.654,0.213,0.126,1.471
2021,71,Bolivia,5.6,5.709,5.491,1.256,0.88,0.555,0.627,0.112,0.064,2.107
2021,72,China,5.585,5.65,5.52,1.508,0.958,0.705,0.656,0.099,0.142,1.516
2021,73,Paraguay,5.578,5.689,5.467,1.409,1.13,0.624,0.629,0.171,0.059,1.555
2021,74,Peru,5.559,5.679,5.439,1.397,0.865,0.735,0.545,0.09,0.037,1.89
2021,75,Montenegro,5.547,5.681,5.413,1.573,1.023,0.659,0.46,0.135,0.077,1.619
2021,76,Ecuador,5.533,5.653,5.414,1.352,0.879,0.708,0.565,0.08,0.083,1.866
2021,77,Viet Nam,5.485,5.57,5.4,1.252,0.932,0.611,0.707,0.143,0.105,1.735
2021,78,Turkmenistan,5.474,5.578,5.371,1.484,1.319,0.516,0.649,0.314,0.032,1.16
2021,79,North Cyprus,5.467,5.609,5.325,1.815,0.888,0.819,0.523,0.13,0.213,1.078
2021,81,Hong Kong SAR of China,5.425,5.501,5.348,1.957,0.954,0.942,0.4,0.147,0.383,0.642
2021,82,Armenia,5.399,5.519,5.278,1.434,0.82,0.668,0.558,0.054,0.21,1.654
2021,83,Tajikistan,5.377,5.468,5.287,0.966,1.005,0.518,0.572,0.118,0.304,1.895
2021,84,Nepal,5.377,5.502,5.251,0.984,0.784,0.499,0.519,0.237,0.13,2.224
2021,85,Bulgaria,5.371,5.485,5.257,1.625,1.163,0.64,0.563,0.123,0.021,1.235
2021,86,Libya,5.33,5.543,5.118,1.476,0.943,0.606,0.477,0.106,0.179,1.544
2021,87,Indonesia,5.24,5.341,5.139,1.382,0.883,0.539,0.62,0.468,0.047,1.3
2021,88,Côte d’Ivoire,5.235,5.384,5.085,1.094,0.442,0.322,0.451,0.149,0.124,2.652
2021,89,North Macedonia,5.199,5.303,5.095,1.505,0.863,0.637,0.488,0.215,0.031,1.461
2021,90,Albania,5.199,5.321,5.076,1.439,0.646,0.719,0.511,0.138,0.028,1.718
2021,91,South Africa,5.194,5.315,5.073,1.425,1.088,0.361,0.442,0.089,0.046,1.742
2021,92,Azerbaijan,5.173,5.265,5.082,1.458,1.093,0.56,0.601,0.023,0.341,1.098
2021,93,Gambia,5.164,5.409,4.918,0.785,0.621,0.369,0.367,0.388,0.103,2.531
2021,94,Bangladesh,5.155,5.262,5.049,1.06,0.614,0.581,0.622,0.125,0.187,1.967
2021,95,Lao PDR,5.14,5.263,5.018,1.239,0.654,0.479,0.679,0.197,0.184,1.709
2021,96,Algeria,5.122,5.215,5.03,1.363,0.97,0.643,0.146,0.106,0.15,1.744
2021,97,Liberia,5.122,5.428,4.815,0.636,0.67,0.309,0.405,0.178,0.08,2.844
2021,98,Ukraine,5.084,5.19,4.978,1.411,1.081,0.583,0.473,0.188,0.017,1.331
2021,99,Congo,5.075,5.235,4.915,0.95,0.405,0.355,0.431,0.13,0.146,2.658
2021,100,Morocco,5.06,5.181,4.938,1.208,0.268,0.565,0.492,0.02,0.102,2.405
2021,101,Mozambique,5.048,5.273,4.823,0.578,0.66,0.191,0.593,0.185,0.2,2.641
2021,102,Cameroon,5.048,5.188,4.907,0.968,0.672,0.317,0.397,0.152,0.074,2.469
2021,103,Senegal,5.046,5.171,4.921,0.933,0.53,0.447,0.494,0.143,0.081,2.419
2021,104,Niger,5.003,5.247,4.76,0.57,0.56,0.326,0.571,0.165,0.145,2.667
2021,105,Georgia,4.973,5.079,4.867,1.467,0.612,0.595,0.508,0.0,0.208,1.583
2021,106,Gabon,4.958,5.091,4.826,1.459,0.738,0.396,0.343,0.032,0.099,1.892
2021,107,Iraq,4.941,5.099,4.783,1.289,0.682,0.554,0.328,0.147,0.046,1.894
2021,108,Venezuela,4.925,5.051,4.8,0.0,0.968,0.578,0.283,0.225,0.082,2.79
2021,109,Guinea,4.891,5.028,4.753,0.848,0.566,0.275,0.334,0.214,0.116,2.538
2021,110,Iran,4.888,4.995,4.78,1.41,0.741,0.642,0.281,0.241,0.146,1.427
2021,111,Ghana,4.872,4.999,4.745,1.112,0.595,0.409,0.5,0.23,0.056,1.972
2021,112,Türkiye,4.744,4.845,4.644,1.707,0.865,0.702,0.209,0.087,0.115,1.059
2021,113,Burkina Faso,4.67,4.814,4.527,0.779,0.565,0.32,0.382,0.186,0.126,2.313
2021,114,Cambodia,4.64,4.765,4.516,1.019,0.732,0.505,0.74,0.166,0.068,1.41
2021,115,Benin,4.623,4.754,4.492,0.932,0.064,0.335,0.479,0.127,0.23,2.458
2021,116,Comoros,4.609,4.849,4.368,0.899,0.476,0.424,0.185,0.195,0.125,2.304
2021,117,Uganda,4.603,4.747,4.459,0.777,0.875,0.418,0.402,0.222,0.066,1.842
2021,118,Nigeria,4.552,4.651,4.453,1.079,0.732,0.3,0.444,0.175,0.038,1.784
2021,119,Kenya,4.543,4.683,4.403,1.032,0.605,0.401,0.44,0.322,0.082,1.661
2021,120,Tunisia,4.516,4.629,4.403,1.35,0.596,0.656,0.316,0.029,0.029,1.54
2021,121,Pakistan,4.516,4.634,4.397,1.049,0.413,0.374,0.448,0.181,0.112,1.94
2021,122,State of Palestine,4.483,4.665,4.3,1.148,0.957,0.521,0.336,0.073,0.079,1.368
2021,123,Mali,4.479,4.611,4.347,0.792,0.483,0.311,0.35,0.128,0.042,2.373
2021,124,Namibia,4.459,4.593,4.326,1.292,0.877,0.354,0.384,0.067,0.071,1.414
2021,125,Eswatini,4.396,4.607,4.185,1.274,0.786,0.197,0.259,0.038,0.154,1.688
2021,126,Myanmar,4.394,4.511,4.277,1.038,0.829,0.491,0.513,0.452,0.194,0.877
2021,127,Sri Lanka,4.362,4.487,4.237,1.415,0.934,0.66,0.529,0.15,0.079,0.595
2021,128,Madagascar,4.339,4.53,4.148,0.67,0.645,0.378,0.202,0.143,0.154,2.148
2021,129,Egypt,4.288,4.377,4.198,1.388,0.732,0.548,0.469,0.041,0.254,0.856
2021,130,Chad,4.251,4.503,3.999,0.662,0.506,0.225,0.18,0.182,0.077,2.419
2021,131,Ethiopia,4.241,4.365,4.118,0.788,0.809,0.457,0.472,0.205,0.136,1.375
2021,132,Yemen,4.197,4.384,4.01,0.691,1.043,0.384,0.33,0.09,0.098,1.561
2021,133,Mauritania,4.153,4.356,3.95,1.1,0.865,0.45,0.304,0.088,0.138,1.207
2021,134,Jordan,4.152,4.276,4.029,1.324,0.724,0.675,0.476,0.058,0.2,0.695
2021,135,Togo,4.112,4.272,3.953,0.771,0.322,0.36,0.292,0.174,0.132,2.061
2021,136,India,3.777,3.828,3.726,1.167,0.376,0.471,0.647,0.198,0.123,0.795
2021,137,Zambia,3.76,3.902,3.618,0.93,0.577,0.306,0.525,0.203,0.083,1.135
2021,138,Malawi,3.75,3.941,3.56,0.648,0.279,0.388,0.477,0.14,0.157,1.661
2021,139,Tanzania,3.702,3.847,3.558,0.848,0.597,0.425,0.578,0.248,0.27,0.735
2021,140,Sierra Leone,3.574,3.732,3.416,0.686,0.416,0.273,0.387,0.202,0.055,1.556
2021,141,Lesotho,3.512,3.748,3.276,0.839,0.848,0.0,0.419,0.076,0.018,1.312
2021,142,Botswana,3.471,3.667,3.275,1.503,0.815,0.28,0.571,0.012,0.102,0.187
2021,143,Rwanda,3.268,3.462,3.074,0.785,0.133,0.462,0.621,0.187,0.544,0.536
2021,144,Zimbabwe,2.995,3.11,2.88,0.947,0.69,0.27,0.329,0.106,0.105,0.548
2021,145,Lebanon,2.955,3.049,2.862,1.392,0.498,0.631,0.103,0.082,0.034,0.216
2021,146,Afghanistan,2.404,2.469,2.339,0.758,0.0,0.289,0.0,0.089,0.005,1.263
2020,2,Finland,7.842,7.904,7.78,1.446,1.106,0.741,0.691,0.124,0.481,3.253
2020,3,Denmark,7.62,7.687,7.552,1.502,1.108,0.763,0.686,0.208,0.485,2.868
2020,4,Switzerland,7.571,7.643,7.5,1.566,1.079,0.816,0.653,0.204,0.413,2.839
2020,5,Iceland,7.554,7.67,7.438,1.482,1.172,0.772,0.698,0.293,0.17,2.967
2020,6,Netherlands,7.464,7.518,7.41,1.501,1.079,0.753,0.647,0.302,0.384,2.798
2020,7,Norway,7.392,7.462,7.323,1.543,1.108,0.782,0.703,0.249,0.427,2.58
2020,8,Sweden,7.363,7.433,7.293,1.478,1.062,0.763,0.685,0.244,0.448,2.683
2020,9,Luxembourg,7.324,7.396,7.252,1.751,1.003,0.76,0.639,0.166,0.353,2.653
2020,10,New Zealand,7.277,7.355,7.198,1.4,1.094,0.785,0.665,0.276,0.445,2.612
2020,11,Austria,7.268,7.337,7.198,1.492,1.062,0.782,0.64,0.215,0.292,2.784
2020,12,Australia,7.183,7.265,7.102,1.453,1.076,0.801,0.647,0.291,0.317,2.598
2020,13,Israel,7.157,7.224,7.09,1.376,1.074,0.788,0.509,0.208,0.119,3.083
2020,14,Germany,7.155,7.232,7.077,1.48,0.993,0.757,0.6,0.195,0.306,2.824
2020,15,Canada,7.103,7.185,7.021,1.447,1.044,0.798,0.648,0.246,0.335,2.585
2020,16,Ireland,7.085,7.164,7.006,1.644,1.092,0.753,0.606,0.238,0.367,2.384
2020,17,Costa Rica,7.069,7.179,6.96,1.134,0.966,0.722,0.673,0.105,0.083,3.387
2020,18,United Kingdom,7.064,7.138,6.99,1.423,1.062,0.757,0.58,0.34,0.306,2.596
2020,19,Czechia,6.965,7.062,6.868,1.37,1.09,0.703,0.58,0.052,0.046,3.124
2020,20,USA,6.951,7.047,6.856,1.533,1.03,0.621,0.554,0.252,0.154,2.807
2020,21,Belgium,6.834,6.901,6.767,1.463,0.998,0.747,0.489,0.088,0.187,2.862
2020,22,France,6.69,6.762,6.618,1.421,1.081,0.804,0.536,0.092,0.235,2.521
2020,23,Bahrain,6.647,6.779,6.514,1.409,0.899,0.662,0.661,0.246,0.139,2.631
2020,24,Malta,6.602,6.688,6.516,1.411,1.055,0.747,0.664,0.275,0.183,2.268
2020,25,Taiwan Province of China,6.584,6.659,6.51,1.48,0.982,0.665,0.49,0.142,0.139,2.687
2020,26,United Arab Emirates,6.561,6.637,6.484,1.555,0.86,0.594,0.67,0.236,0.223,2.422
2020,27,Saudi Arabia,6.494,6.604,6.384,1.435,0.964,0.571,0.603,0.09,0.163,2.668
2020,28,Spain,6.491,6.574,6.408,1.375,1.057,0.826,0.462,0.135,0.124,2.513
2020,29,Italy,6.483,6.572,6.395,1.393,0.94,0.798,0.379,0.133,0.047,2.794
2020,30,Slovenia,6.461,6.546,6.376,1.36,1.093,0.722,0.69,0.122,0.085,2.388
2020,31,Guatemala,6.435,6.577,6.292,0.845,0.79,0.519,0.638,0.163,0.105,3.375
2020,32,Uruguay,6.431,6.521,6.341,1.164,1.042,0.649,0.625,0.128,0.223,2.6
2020,33,Singapore,6.377,6.46,6.293,1.695,1.019,0.897,0.664,0.176,0.547,1.379
2020,34,Kosovo,6.372,6.487,6.257,0.937,0.807,0.483,0.593,0.356,0.014,3.182
2020,35,Slovakia,6.331,6.411,6.251,1.304,1.066,0.653,0.468,0.107,0.018,2.714
2020,36,Brazil,6.33,6.415,6.245,1.028,0.944,0.571,0.514,0.142,0.117,3.015
2020,37,Mexico,6.317,6.42,6.213,1.126,0.83,0.634,0.585,0.092,0.089,2.961
2020,38,Jamaica,6.309,6.615,6.004,0.891,0.932,0.599,0.618,0.099,0.035,3.135
2020,39,Lithuania,6.255,6.344,6.167,1.35,1.065,0.612,0.476,0.056,0.073,2.624
2020,40,Cyprus,6.223,6.319,6.128,1.377,0.765,0.801,0.464,0.178,0.061,2.578
2020,41,Estonia,6.189,6.263,6.115,1.344,1.079,0.64,0.641,0.119,0.263,2.103
2020,42,Panama,6.18,6.323,6.036,1.298,0.976,0.667,0.596,0.079,0.053,2.509
2020,43,Uzbekistan,6.179,6.312,6.045,0.769,1.027,0.528,0.716,0.391,0.271,2.477
2020,44,Chile,6.172,6.262,6.081,1.2,0.946,0.678,0.438,0.159,0.07,2.682
2020,45,Poland,6.166,6.245,6.087,1.309,0.982,0.668,0.558,0.08,0.13,2.438
2020,46,Kazakhstan,6.152,6.243,6.06,1.23,1.103,0.527,0.573,0.143,0.132,2.446
2020,47,Romania,6.14,6.253,6.027,1.275,0.832,0.595,0.564,0.045,0.001,2.83
2020,48,Kuwait,6.106,6.235,5.977,1.461,0.857,0.58,0.591,0.12,0.13,2.368
2020,49,Serbia,6.078,6.181,5.974,1.101,0.924,0.634,0.482,0.189,0.066,2.682
2020,50,El Salvador,6.061,6.188,5.933,0.845,0.675,0.565,0.615,0.116,0.16,3.085
2020,51,Mauritius,6.049,6.165,5.933,1.178,0.996,0.574,0.59,0.153,0.096,2.462
2020,52,Latvia,6.032,6.103,5.961,1.285,1.047,0.587,0.405,0.082,0.089,2.536
2020,53,Colombia,6.012,6.132,5.892,1.021,0.866,0.615,0.554,0.1,0.063,2.794
2020,54,Hungary,5.992,6.085,5.899,1.301,1.083,0.615,0.454,0.067,0.04,2.432
2020,55,Thailand,5.985,6.077,5.893,1.107,0.957,0.596,0.611,0.375,0.028,2.309
2020,56,Nicaragua,5.972,6.134,5.81,0.693,0.904,0.604,0.553,0.201,0.176,2.841
2020,57,Japan,5.94,6.02,5.861,1.389,0.949,0.838,0.504,0.02,0.192,2.048
2020,58,Argentina,5.929,6.04,5.819,1.162,0.98,0.646,0.544,0.069,0.067,2.461
2020,59,Portugal,5.929,6.037,5.821,1.323,0.939,0.76,0.621,0.029,0.033,2.225
2020,60,Honduras,5.919,6.081,5.758,0.703,0.787,0.593,0.578,0.241,0.083,2.934
2020,61,Croatia,5.882,5.975,5.788,1.251,1.039,0.703,0.453,0.111,0.0,2.325
2020,62,Philippines,5.88,5.982,5.778,0.853,0.828,0.426,0.651,0.125,0.126,2.872
2020,63,Republic of Korea,5.845,5.928,5.763,1.403,0.758,0.801,0.353,0.134,0.135,2.262
2020,64,Peru,5.84,5.988,5.692,0.986,0.833,0.623,0.536,0.087,0.031,2.744
2020,65,Bosnia and Herzegovina,5.813,5.911,5.715,1.032,0.919,0.618,0.395,0.261,0.005,2.583
2020,66,Republic of Moldova,5.766,5.856,5.677,0.985,0.888,0.542,0.536,0.137,0.013,2.665
2020,67,Ecuador,5.764,5.875,5.653,0.935,0.806,0.64,0.56,0.107,0.062,2.653
2020,68,Kyrgyzstan,5.744,5.834,5.653,0.665,0.971,0.501,0.673,0.266,0.02,2.648
2020,69,Greece,5.723,5.813,5.632,1.273,0.811,0.76,0.243,0.0,0.074,2.561
2020,70,Bolivia,5.716,5.819,5.613,0.842,0.782,0.486,0.6,0.138,0.064,2.805
2020,71,Mongolia,5.677,5.76,5.595,0.966,1.065,0.442,0.397,0.263,0.053,2.492
2020,72,Paraguay,5.653,5.832,5.473,0.983,0.97,0.549,0.602,0.206,0.037,2.306
2020,73,Montenegro,5.581,5.686,5.475,1.155,0.891,0.637,0.397,0.166,0.081,2.254
2020,74,Dominican Republic,5.545,5.685,5.405,1.106,0.879,0.555,0.581,0.101,0.144,2.178
2020,75,North Cyprus,5.536,5.636,5.435,1.377,0.806,0.801,0.503,0.196,0.2,1.653
2020,76,Belarus,5.534,5.625,5.442,1.124,1.007,0.56,0.326,0.07,0.199,2.247
2020,78,Hong Kong SAR of China,5.477,5.573,5.38,1.525,0.841,0.893,0.408,0.232,0.342,1.236
2020,79,Tajikistan,5.466,5.532,5.4,0.508,0.895,0.498,0.548,0.152,0.247,2.619
2020,80,Viet Nam,5.411,5.488,5.334,0.817,0.873,0.616,0.679,0.124,0.091,2.211
2020,81,Libya,5.41,5.558,5.262,1.044,0.821,0.435,0.474,0.131,0.174,2.331
2020,82,Malaysia,5.384,5.48,5.289,1.259,0.797,0.587,0.624,0.27,0.064,1.784
2020,83,Indonesia,5.345,5.454,5.235,0.954,0.786,0.433,0.598,0.541,0.046,1.987
2020,84,Congo,5.342,5.533,5.151,0.518,0.392,0.307,0.381,0.144,0.124,3.476
2020,85,China,5.339,5.397,5.281,1.061,0.785,0.665,0.636,0.093,0.117,1.982
2020,86,Côte d’Ivoire,5.306,5.46,5.152,0.669,0.409,0.052,0.438,0.177,0.092,3.469
2020,87,Armenia,5.283,5.397,5.168,0.996,0.758,0.585,0.54,0.079,0.198,2.127
2020,88,Nepal,5.269,5.406,5.132,0.519,0.702,0.496,0.488,0.287,0.135,2.642
2020,89,Bulgaria,5.266,5.371,5.16,1.181,1.055,0.583,0.494,0.125,0.005,1.823
2020,90,Maldives,5.198,5.339,5.057,1.115,1.015,0.697,0.575,0.204,0.073,1.52
2020,91,Azerbaijan,5.171,5.25,5.091,1.025,0.841,0.541,0.526,0.043,0.276,1.919
2020,92,Cameroon,5.142,5.288,4.996,0.543,0.556,0.159,0.425,0.205,0.058,3.195
2020,93,Senegal,5.132,5.266,4.998,0.518,0.558,0.357,0.381,0.158,0.088,3.071
2020,94,Albania,5.117,5.234,5.001,1.008,0.529,0.646,0.491,0.168,0.024,2.25
2020,95,North Macedonia,5.101,5.202,5.001,1.068,0.772,0.535,0.45,0.212,0.022,2.042
2020,96,Ghana,5.088,5.219,4.958,0.68,0.595,0.287,0.517,0.268,0.058,2.684
2020,97,Niger,5.074,5.273,4.875,0.162,0.402,0.167,0.516,0.2,0.157,3.47
2020,98,Turkmenistan,5.066,5.136,4.996,1.046,1.172,0.439,0.602,0.366,0.033,1.409
2020,99,Gambia,5.051,5.225,4.877,0.367,0.511,0.21,0.384,0.465,0.123,2.99
2020,100,Benin,5.045,5.189,4.901,0.507,0.058,0.196,0.457,0.166,0.178,3.482
2020,101,Lao PDR,5.03,5.119,4.941,0.808,0.598,0.33,0.643,0.268,0.179,2.204
2020,102,Bangladesh,5.025,5.115,4.934,0.635,0.52,0.514,0.603,0.161,0.164,2.427
2020,103,Guinea,4.984,5.16,4.808,0.42,0.399,0.206,0.384,0.25,0.111,3.216
2020,104,South Africa,4.956,5.074,4.839,0.967,0.895,0.265,0.447,0.144,0.051,2.187
2020,105,Türkiye,4.948,5.038,4.857,1.26,0.809,0.59,0.236,0.097,0.104,1.852
2020,106,Pakistan,4.934,5.066,4.802,0.637,0.423,0.322,0.418,0.252,0.097,2.784
2020,107,Morocco,4.918,5.036,4.8,0.792,0.219,0.558,0.477,0.034,0.088,2.749
2020,108,Venezuela,4.892,5.017,4.767,0.852,0.897,0.574,0.284,0.078,0.072,2.135
2020,109,Georgia,4.891,4.998,4.785,1.03,0.47,0.498,0.488,0.032,0.181,2.191
2020,110,Algeria,4.887,4.991,4.783,0.946,0.765,0.552,0.119,0.144,0.12,2.242
2020,111,Ukraine,4.875,4.977,4.773,0.979,0.958,0.517,0.417,0.181,0.01,1.813
2020,112,Iraq,4.854,4.97,4.738,0.91,0.638,0.381,0.302,0.153,0.041,2.429
2020,113,Gabon,4.852,4.998,4.706,1.037,0.707,0.362,0.424,0.058,0.064,2.201
2020,114,Burkina Faso,4.834,4.993,4.675,0.364,0.472,0.179,0.381,0.182,0.122,3.133
2020,115,Cambodia,4.83,4.963,4.698,0.603,0.68,0.426,0.702,0.21,0.061,2.148
2020,116,Mozambique,4.794,4.997,4.592,0.183,0.634,0.196,0.608,0.228,0.163,2.783
2020,117,Nigeria,4.759,4.861,4.658,0.663,0.625,0.051,0.433,0.212,0.039,2.736
2020,118,Mali,4.723,4.884,4.563,0.387,0.59,0.11,0.384,0.164,0.072,3.016
2020,119,Iran,4.721,4.828,4.614,1.03,0.557,0.561,0.275,0.33,0.144,1.823
2020,120,Uganda,4.636,4.78,4.493,0.364,0.718,0.24,0.398,0.267,0.054,2.596
2020,121,Liberia,4.625,4.833,4.417,0.228,0.58,0.253,0.43,0.221,0.057,2.857
2020,122,Kenya,4.607,4.747,4.466,0.603,0.508,0.385,0.483,0.375,0.073,2.18
2020,123,Tunisia,4.596,4.709,4.484,0.919,0.515,0.59,0.334,0.057,0.044,2.138
2020,124,Lebanon,4.584,4.691,4.477,1.045,0.868,0.595,0.175,0.14,0.026,1.736
2020,125,Namibia,4.574,4.7,4.448,0.882,0.801,0.262,0.411,0.091,0.059,2.068
2020,126,State of Palestine,4.517,4.649,4.384,0.646,0.819,0.434,0.33,0.082,0.075,2.131
2020,127,Myanmar,4.426,4.527,4.324,0.666,0.713,0.341,0.601,0.52,0.178,1.407
2020,128,Jordan,4.395,4.516,4.273,0.89,0.685,0.583,0.455,0.079,0.15,1.553
2020,129,Chad,4.355,4.54,4.171,0.255,0.353,0.0,0.24,0.215,0.084,3.209
2020,130,Sri Lanka,4.325,4.454,4.196,0.99,0.82,0.593,0.559,0.239,0.049,1.075
2020,131,Swaziland,4.308,4.448,4.168,0.849,0.693,0.074,0.323,0.067,0.147,2.155
2020,132,Comoros,4.289,4.454,4.123,0.488,0.367,0.279,0.202,0.241,0.101,2.61
2020,133,Egypt,4.283,4.371,4.195,0.954,0.647,0.426,0.446,0.069,0.092,1.648
2020,134,Ethiopia,4.275,4.374,4.175,0.37,0.679,0.331,0.451,0.241,0.114,2.089
2020,135,Mauritania,4.227,4.365,4.09,0.666,0.749,0.273,0.218,0.119,0.133,2.069
2020,136,Madagascar,4.208,4.349,4.068,0.266,0.503,0.341,0.207,0.185,0.087,2.62
2020,137,Togo,4.107,4.258,3.956,0.254,0.239,0.203,0.289,0.209,0.107,2.806
2020,138,Zambia,4.073,4.209,3.938,0.528,0.552,0.231,0.487,0.227,0.074,1.975
2020,139,Sierra Leone,3.849,4.001,3.698,0.279,0.377,0.1,0.408,0.243,0.047,2.396
2020,140,India,3.819,3.869,3.769,0.741,0.316,0.383,0.622,0.246,0.106,1.405
2020,141,Burundi,3.775,3.985,3.565,0.0,0.062,0.155,0.298,0.172,0.212,2.876
2020,142,Yemen,3.658,3.794,3.521,0.329,0.831,0.272,0.268,0.092,0.089,1.776
2020,143,Tanzania,3.623,3.762,3.485,0.433,0.54,0.3,0.549,0.307,0.231,1.263
2020,144,Haiti,3.615,3.953,3.276,0.294,0.173,0.227,0.257,0.463,0.139,2.06
2020,145,Malawi,3.6,3.781,3.419,0.113,0.168,0.298,0.484,0.213,0.134,2.19
2020,146,Lesotho,3.512,3.748,3.276,0.451,0.731,0.007,0.405,0.103,0.015,1.8
2020,147,Botswana,3.467,3.611,3.322,1.099,0.724,0.34,0.539,0.027,0.088,0.648
2020,148,Rwanda,3.415,3.548,3.282,0.364,0.202,0.407,0.627,0.227,0.493,1.095
2020,149,Zimbabwe,3.145,3.259,3.03,0.457,0.649,0.243,0.359,0.157,0.075,1.205
2020,150,Afghanistan,2.523,2.596,2.449,0.37,0.0,0.126,0.0,0.122,0.01,1.895
